工具软件,https://www.bilibili.com/video/av1845738
酷站,https://www.bilibili.com/video/av1071017
电路基础,https://www.bilibili.com/video/av963958
电磁波,https://www.bilibili.com/video/av1233176
化学,https://www.bilibili.com/video/BV13s411N7Ha
linux,./linux/linux.html
Windows,https://www.bilibili.com/video/av6711370
rust,https://www.bilibili.com/video/av12818669
神弹幕,https://www.bilibili.com/video/av6711370
html5,https://www.bilibili.com/video/av5484234
css,https://www.bilibili.com/video/av5484234/#page=67
pr/premiere,https://www.bilibili.com/video/av1290353
flash,https://www.bilibili.com/video/av893392
animate,https://www.bilibili.com/video/BV1Ns411n7ao
live2d,https://www.bilibili.com/video/av22931421
ch,https://www.bilibili.com/video/BV1aT4y1J7Lc
audition,https://www.bilibili.com/video/av5484234
flstudio,https://www.bilibili.com/video/av5484234/#page=67
我的世界,https://www.bilibili.com/video/av2484247
word,https://www.bilibili.com/video/av1845738
excel,https://www.bilibili.com/video/av904511
工具软件,https://www.bilibili.com/video/av1845738
酷站,https://www.bilibili.com/video/av1071017
